{
  "$schema": "../brand.schema.json",
  "brand": {
    "id": "sivakasi",
    "name": "Sivakasi Nadar Mat School",
    "shortName": "Sivakasi Nadar",
    "tagline": "Excellence in Education"
  },
  "app": {
    "android": {
      "applicationId": "com.schooltree.sivakasi",
      "versionCode": 1,
      "versionName": "1.0.0"
    },
    "ios": {
      "bundleId": "com.schooltree.sivakasi",
      "version": "1.0.0",
      "buildNumber": "1"
    }
  },
  "api": {
    "baseUrl": "\\",
    "databaseName": "sivakasi_nadar"
  },
  "firebase": {
    "projectId": "schooltrees-69f4b",
    "configGroup": "group-a"
  },
  "auth": {
    "type": "otp",
    "otpLength": 6,
    "countryCode": "+91"
  },
  "theme": {
    "colors": {
      "primary": "#137fec",
      "primaryDark": "#0f66bd",
      "primarySoft": "#e7f2fd",
      "accent": "#10b981",
      "background": "#f6f7f8",
      "surface": "#ffffff",
      "text": "#111418",
      "textSecondary": "#617589",
      "success": "#10b981",
      "warning": "#f59e0b",
      "error": "#ef4444",
      "info": "#3b82f6"
    },
    "fonts": {
      "primary": "Lexend",
      "secondary": "Inter"
    }
  },
  "features": {
    "modules": {
      "dashboard": {
        "enabled": true
      },
      "circulars": {
        "enabled": true
      },
      "homework": {
        "enabled": true
      },
      "attendance": {
        "enabled": true
      },
      "exams": {
        "enabled": true
      },
      "marks": {
        "enabled": true
      },
      "fees": {
        "enabled": true,
        "showPaymentGateway": false
      },
      "calendar": {
        "enabled": true
      },
      "gallery": {
        "enabled": true
      },
      "timetable": {
        "enabled": true
      },
      "chat": {
        "enabled": true
      },
      "profile": {
        "enabled": true
      },
      "parentMessage": {
        "enabled": true
      },
      "leaveLetter": {
        "enabled": true
      }
    },
    "notifications": {
      "enabled": true,
      "topics": [
        "circulars",
        "homework",
        "attendance"
      ]
    },
    "offlineMode": true,
    "darkMode": false
  }
}