{
  "project_info": {
    "project_number": "427864482679",
    "firebase_url": "https://schooltrees-69f4b.firebaseio.com",
    "project_id": "schooltrees-69f4b",
    "storage_bucket": "schooltrees-69f4b.appspot.com"
  },
  "client": [
    {
      "client_info": {
        "mobilesdk_app_id": "1:427864482679:android:fb8260ee4ca6fbef78f772",
        "android_client_info": {
          "package_name": "com.parentalert.in.schoolapp"
        }
      },
      "oauth_client": [],
      "api_key": [
        {
          "current_key": "AIzaSyCNQSwiZ0BWkVEcIT-GeVqeYnL_zyTMJ9Q"
        }
      ],
      "services": {
        "appinvite_service": {
          "other_platform_oauth_client": []
        }
      }
    },
    {
      "client_info": {
        "mobilesdk_app_id": "1:427864482679:android:2c52679d21a1411b78f772",
        "android_client_info": {
          "package_name": "com.parentalert.in.schoolapp1"
        }
      },
      "oauth_client": [],
      "api_key": [
        {
          "current_key": "AIzaSyCNQSwiZ0BWkVEcIT-GeVqeYnL_zyTMJ9Q"
        }
      ],
      "services": {
        "appinvite_service": {
          "other_platform_oauth_client": []
        }
      }
    },
    {
      "client_info": {
        "mobilesdk_app_id": "1:427864482679:android:8b49cb2d9c4231bf78f772",
        "android_client_info": {
          "package_name": "com.schooltree.aadhithya"
        }
      },
      "oauth_client": [],
      "api_key": [
        {
          "current_key": "AIzaSyCNQSwiZ0BWkVEcIT-GeVqeYnL_zyTMJ9Q"
        }
      ],
      "services": {
        "appinvite_service": {
          "other_platform_oauth_client": []
        }
      }
    },
    {
      "client_info": {
        "mobilesdk_app_id": "1:427864482679:android:f86e7b7e52f633d678f772",
        "android_client_info": {
          "package_name": "com.schooltree.alpha_techno"
        }
      },
      "oauth_client": [],
      "api_key": [
        {
          "current_key": "AIzaSyCNQSwiZ0BWkVEcIT-GeVqeYnL_zyTMJ9Q"
        }
      ],
      "services": {
        "appinvite_service": {
          "other_platform_oauth_client": []
        }
      }
    },
    {
      "client_info": {
        "mobilesdk_app_id": "1:427864482679:android:e9d4fc34a7ec8b5c78f772",
        "android_client_info": {
          "package_name": "com.schooltree.balabhavan"
        }
      },
      "oauth_client": [],
      "api_key": [
        {
          "current_key": "AIzaSyCNQSwiZ0BWkVEcIT-GeVqeYnL_zyTMJ9Q"
        }
      ],
      "services": {
        "appinvite_service": {
          "other_platform_oauth_client": []
        }
      }
    },
    {
      "client_info": {
        "mobilesdk_app_id": "1:427864482679:android:220e59da9ce6eaa078f772",
        "android_client_info": {
          "package_name": "com.schooltree.cambridge_holy"
        }
      },
      "oauth_client": [],
      "api_key": [
        {
          "current_key": "AIzaSyCNQSwiZ0BWkVEcIT-GeVqeYnL_zyTMJ9Q"
        }
      ],
      "services": {
        "appinvite_service": {
          "other_platform_oauth_client": []
        }
      }
    },
    {
      "client_info": {
        "mobilesdk_app_id": "1:427864482679:android:143798c35e2c8fe078f772",
        "android_client_info": {
          "package_name": "com.schooltree.carmel_np"
        }
      },
      "oauth_client": [],
      "api_key": [
        {
          "current_key": "AIzaSyCNQSwiZ0BWkVEcIT-GeVqeYnL_zyTMJ9Q"
        }
      ],
      "services": {
        "appinvite_service": {
          "other_platform_oauth_client": []
        }
      }
    },
    {
      "client_info": {
        "mobilesdk_app_id": "1:427864482679:android:b0acfa6ae4b3bcd178f772",
        "android_client_info": {
          "package_name": "com.schooltree.crescentapp"
        }
      },
      "oauth_client": [],
      "api_key": [
        {
          "current_key": "AIzaSyCNQSwiZ0BWkVEcIT-GeVqeYnL_zyTMJ9Q"
        }
      ],
      "services": {
        "appinvite_service": {
          "other_platform_oauth_client": []
        }
      }
    },
    {
      "client_info": {
        "mobilesdk_app_id": "1:427864482679:android:e695676c2dabe63978f772",
        "android_client_info": {
          "package_name": "com.schooltree.glory"
        }
      },
      "oauth_client": [],
      "api_key": [
        {
          "current_key": "AIzaSyCNQSwiZ0BWkVEcIT-GeVqeYnL_zyTMJ9Q"
        }
      ],
      "services": {
        "appinvite_service": {
          "other_platform_oauth_client": []
        }
      }
    },
    {
      "client_info": {
        "mobilesdk_app_id": "1:427864482679:android:e2ce0288bc71c6c078f772",
        "android_client_info": {
          "package_name": "com.schooltree.holyangels"
        }
      },
      "oauth_client": [],
      "api_key": [
        {
          "current_key": "AIzaSyCNQSwiZ0BWkVEcIT-GeVqeYnL_zyTMJ9Q"
        }
      ],
      "services": {
        "appinvite_service": {
          "other_platform_oauth_client": []
        }
      }
    },
    {
      "client_info": {
        "mobilesdk_app_id": "1:427864482679:android:1867de04e0ba62e778f772",
        "android_client_info": {
          "package_name": "com.schooltree.infant"
        }
      },
      "oauth_client": [],
      "api_key": [
        {
          "current_key": "AIzaSyCNQSwiZ0BWkVEcIT-GeVqeYnL_zyTMJ9Q"
        }
      ],
      "services": {
        "appinvite_service": {
          "other_platform_oauth_client": []
        }
      }
    },
    {
      "client_info": {
        "mobilesdk_app_id": "1:427864482679:android:869db9803cd6ea9978f772",
        "android_client_info": {
          "package_name": "com.schooltree.joshua"
        }
      },
      "oauth_client": [],
      "api_key": [
        {
          "current_key": "AIzaSyCNQSwiZ0BWkVEcIT-GeVqeYnL_zyTMJ9Q"
        }
      ],
      "services": {
        "appinvite_service": {
          "other_platform_oauth_client": []
        }
      }
    },
    {
      "client_info": {
        "mobilesdk_app_id": "1:427864482679:android:ed712a36e69321c978f772",
        "android_client_info": {
          "package_name": "com.schooltree.kalaimagal_vidhya_mandir"
        }
      },
      "oauth_client": [],
      "api_key": [
        {
          "current_key": "AIzaSyCNQSwiZ0BWkVEcIT-GeVqeYnL_zyTMJ9Q"
        }
      ],
      "services": {
        "appinvite_service": {
          "other_platform_oauth_client": []
        }
      }
    },
    {
      "client_info": {
        "mobilesdk_app_id": "1:427864482679:android:abfe70fbfec68e0c78f772",
        "android_client_info": {
          "package_name": "com.schooltree.little_flowers"
        }
      },
      "oauth_client": [],
      "api_key": [
        {
          "current_key": "AIzaSyCNQSwiZ0BWkVEcIT-GeVqeYnL_zyTMJ9Q"
        }
      ],
      "services": {
        "appinvite_service": {
          "other_platform_oauth_client": []
        }
      }
    },
    {
      "client_info": {
        "mobilesdk_app_id": "1:427864482679:android:5ecbcb3556f4878678f772",
        "android_client_info": {
          "package_name": "com.schooltree.mdujain"
        }
      },
      "oauth_client": [],
      "api_key": [
        {
          "current_key": "AIzaSyCNQSwiZ0BWkVEcIT-GeVqeYnL_zyTMJ9Q"
        }
      ],
      "services": {
        "appinvite_service": {
          "other_platform_oauth_client": []
        }
      }
    },
    {
      "client_info": {
        "mobilesdk_app_id": "1:427864482679:android:f6f3575d1859b34c78f772",
        "android_client_info": {
          "package_name": "com.schooltree.measi"
        }
      },
      "oauth_client": [],
      "api_key": [
        {
          "current_key": "AIzaSyCNQSwiZ0BWkVEcIT-GeVqeYnL_zyTMJ9Q"
        }
      ],
      "services": {
        "appinvite_service": {
          "other_platform_oauth_client": []
        }
      }
    },
    {
      "client_info": {
        "mobilesdk_app_id": "1:427864482679:android:b5fcf4c38451110578f772",
        "android_client_info": {
          "package_name": "com.schooltree.our_ladys_cambridge"
        }
      },
      "oauth_client": [],
      "api_key": [
        {
          "current_key": "AIzaSyCNQSwiZ0BWkVEcIT-GeVqeYnL_zyTMJ9Q"
        }
      ],
      "services": {
        "appinvite_service": {
          "other_platform_oauth_client": []
        }
      }
    },
    {
      "client_info": {
        "mobilesdk_app_id": "1:427864482679:android:581f93efe6514a05",
        "android_client_info": {
          "package_name": "com.schooltree.parentalert"
        }
      },
      "oauth_client": [],
      "api_key": [
        {
          "current_key": "AIzaSyCNQSwiZ0BWkVEcIT-GeVqeYnL_zyTMJ9Q"
        }
      ],
      "services": {
        "appinvite_service": {
          "other_platform_oauth_client": []
        }
      }
    },
    {
      "client_info": {
        "mobilesdk_app_id": "1:427864482679:android:faae74cdd26adfbd78f772",
        "android_client_info": {
          "package_name": "com.schooltree.parentalert_teachers"
        }
      },
      "oauth_client": [],
      "api_key": [
        {
          "current_key": "AIzaSyCNQSwiZ0BWkVEcIT-GeVqeYnL_zyTMJ9Q"
        }
      ],
      "services": {
        "appinvite_service": {
          "other_platform_oauth_client": []
        }
      }
    },
    {
      "client_info": {
        "mobilesdk_app_id": "1:427864482679:android:aeec67401f7d89b578f772",
        "android_client_info": {
          "package_name": "com.schooltree.rpc_cbse"
        }
      },
      "oauth_client": [],
      "api_key": [
        {
          "current_key": "AIzaSyCNQSwiZ0BWkVEcIT-GeVqeYnL_zyTMJ9Q"
        }
      ],
      "services": {
        "appinvite_service": {
          "other_platform_oauth_client": []
        }
      }
    },
    {
      "client_info": {
        "mobilesdk_app_id": "1:427864482679:android:eecebe870750870778f772",
        "android_client_info": {
          "package_name": "com.schooltree.rukmaniVidyalaya"
        }
      },
      "oauth_client": [],
      "api_key": [
        {
          "current_key": "AIzaSyCNQSwiZ0BWkVEcIT-GeVqeYnL_zyTMJ9Q"
        }
      ],
      "services": {
        "appinvite_service": {
          "other_platform_oauth_client": []
        }
      }
    },
    {
      "client_info": {
        "mobilesdk_app_id": "1:427864482679:android:cfb4be3ff49b4e3878f772",
        "android_client_info": {
          "package_name": "com.schooltree.schooltree"
        }
      },
      "oauth_client": [],
      "api_key": [
        {
          "current_key": "AIzaSyCNQSwiZ0BWkVEcIT-GeVqeYnL_zyTMJ9Q"
        }
      ],
      "services": {
        "appinvite_service": {
          "other_platform_oauth_client": []
        }
      }
    },
    {
      "client_info": {
        "mobilesdk_app_id": "1:427864482679:android:69c9ead04c789bbc78f772",
        "android_client_info": {
          "package_name": "com.schooltree.schooltreeparent"
        }
      },
      "oauth_client": [],
      "api_key": [
        {
          "current_key": "AIzaSyCNQSwiZ0BWkVEcIT-GeVqeYnL_zyTMJ9Q"
        }
      ],
      "services": {
        "appinvite_service": {
          "other_platform_oauth_client": []
        }
      }
    },
    {
      "client_info": {
        "mobilesdk_app_id": "1:427864482679:android:26bdeeb32ca698a978f772",
        "android_client_info": {
          "package_name": "com.schooltree.sivakasi"
        }
      },
      "oauth_client": [],
      "api_key": [
        {
          "current_key": "AIzaSyCNQSwiZ0BWkVEcIT-GeVqeYnL_zyTMJ9Q"
        }
      ],
      "services": {
        "appinvite_service": {
          "other_platform_oauth_client": []
        }
      }
    },
    {
      "client_info": {
        "mobilesdk_app_id": "1:427864482679:android:5669c80a30f76b3178f772",
        "android_client_info": {
          "package_name": "com.schooltree.stannes"
        }
      },
      "oauth_client": [],
      "api_key": [
        {
          "current_key": "AIzaSyCNQSwiZ0BWkVEcIT-GeVqeYnL_zyTMJ9Q"
        }
      ],
      "services": {
        "appinvite_service": {
          "other_platform_oauth_client": []
        }
      }
    },
    {
      "client_info": {
        "mobilesdk_app_id": "1:427864482679:android:dd9cf600e737e36478f772",
        "android_client_info": {
          "package_name": "com.schooltree.stjkodu"
        }
      },
      "oauth_client": [],
      "api_key": [
        {
          "current_key": "AIzaSyCNQSwiZ0BWkVEcIT-GeVqeYnL_zyTMJ9Q"
        }
      ],
      "services": {
        "appinvite_service": {
          "other_platform_oauth_client": []
        }
      }
    },
    {
      "client_info": {
        "mobilesdk_app_id": "1:427864482679:android:5393478a3d5f964a78f772",
        "android_client_info": {
          "package_name": "com.schooltree.vnr_vivekananda"
        }
      },
      "oauth_client": [],
      "api_key": [
        {
          "current_key": "AIzaSyCNQSwiZ0BWkVEcIT-GeVqeYnL_zyTMJ9Q"
        }
      ],
      "services": {
        "appinvite_service": {
          "other_platform_oauth_client": []
        }
      }
    }
  ],
  "configuration_version": "1"
}